"시설ID","시설명","서비스분류코드","서비스분류명","자치구코드","자치구명","연령구분코드","연령구분","X좌표값","Y좌표값","우편번호","기본주소","상세주소","설립일","사용료무료여부","사용료","전용면적(평)","학기시작시간","학기종료시간","방학시작시간","방학종료시간","재량휴일시작시간","재량휴일종료시간","토요일운영여부","토요일운영시작시간","토요일운영종료시간","월사용료무료여부","월자기부담금","월사용료","일사용료무료여부","일자기부담금","일사용료","상시돌봄정원수","일시돌봄정원수","전용면적(m2)","자치구코드배열","등록일시","수정일시"
"GD210701","강동5호점 고덕2동 우리동네키움센터","1001","우리동네키움센터","11740","강동구","1003","초등학생","127.16246","37.56053","05220","서울특별시 강동구 동남로82길 97","3층 (고덕동)","","","","50","1300","1900","0900","1800","0900","1800","N","","","N","0","50000","N","0","2500","20","4","175","","2021-07-29 17:11:04.0",""
"JG210701","중구7호점 우리동네키움센터(중구형 초등돌봄 동화센터)","1001","우리동네키움센터","11140","중구","1003","초등학생","127.01497","37.56077","04586","서울특별시 중구 청구로6길 20","2층 (신당동)","2021-07-16","","","20","1300","2000","0800","2000","0800","2000","N","","","Y","0","","Y","0","","20","4","66","","2021-07-21 10:49:30.0","2021-07-23 10:53:21.0"
"YF210702","영등포10호점 우리동네키움센터(신길5동 아이랜드)","1001","우리동네키움센터","11560","영등포구","1003","초등학생","126.90895","37.50381","07397","서울특별시 영등포구 신길로29길 5","2층 (신길동)","2021-07-12","","","25","1100","2000","0900","1900","0900","1900","N","","","","0","","Y","0","","10","2","84","","2021-07-11 16:58:03.0",""
"YF210701","영등포9호점 우리동네키움센터(대림3동 아이랜드)","1001","우리동네키움센터","11560","영등포구","1003","초등학생","126.8952","37.50072","07377","서울특별시 영등포구 대림로41길 18","2층 (대림동)","2021-07-12","","","23","1100","2000","0900","1900","0900","1900","N","","","","0","","Y","0","","20","4","78","","2021-07-11 16:54:45.0","2021-07-22 12:47:08.0"
"GJ210601","광진9호점 우리동네키움센터","1001","우리동네키움센터","11215","광진구","1003","초등학생","127.0929","37.5479","04981","서울특별시 광진구 천호대로 716","별관 1호 (구의동 아차산 포레안)","2021-07-01","","","21.3","1300","1900","0900","1800","0900","1800","N","","","N","","50000","","0","","16","3","70.56","","2021-06-22 13:18:51.0","2021-07-05 16:06:54.0"
"MP210603","마포5호점 우리동네키움센터(아현동)","1001","우리동네키움센터","11440","마포구","1003","초등학생","126.9498","37.54519","04147","서울특별시 마포구 백범로31길 8","공덕sk리더스뷰 (공덕동 공덕SK리더스뷰)","2021-06-28","","","73","1000","1900","0900","1800","0900","1800","N","","","N","","50000","N","","2500","30","6","243.67","","2021-06-15 18:26:35.0","2021-07-06 14:46:15.0"
"EP210601","은평9호점 우리동네키움센터","1001","우리동네키움센터","11380","은평구","1003","초등학생","126.90744","37.59634","03440","서울특별시 은평구 가좌로11길 7","2층 (신사동)","2021-07-19","","","24","1000","1900","0900","1800","0900","1800","N","","","N","","50000","N","","2500","20","4","78.46","","2021-06-09 16:11:36.0","2021-07-19 14:16:23.0"
"MP210601","마포4호점 융합형 우리동네키움센터(공덕동)","1009","융합형키움센터","11440","마포구","1003","초등학생","126.95994","37.54879","04185","서울특별시 마포구 만리재로 96","2~3층 (공덕동 공덕헤리지움)","2021-06-28","","","86.83","1100","2000","0800","2000","0800","2000","N","","","N","","50000","N","","2500","32","6","286.56","","2021-06-03 17:22:50.0","2021-07-23 16:22:49.0"
"JN210401","종로5호점 우리동네키움센터","1001","우리동네키움센터","11110","종로구","1003","초등학생","126.96005","37.57583","03024","서울특별시 종로구 통일로18길 34","203동 주민공동시설 (무악동 인왕산2차아이파크아파트)","2021-05-31","","","37.1","0900","1900","0900","1900","0900","1900","N","","","N","","50000","N","","2500","20","4","122.69","","2021-04-27 15:51:02.0","2021-07-19 16:09:19.0"
"GR210401","구로16호점 우리동네키움센터(궁동)","1001","우리동네키움센터","11530","구로구","1003","초등학생","126.82963","37.49903","08249","서울특별시 구로구 오리로22길 5","1층 (궁동)","2021-05-01","","","21","1300","1900","0900","1800","0900","1800","N","","","N","","50000","N","","2500","20","4","70.56","","2021-04-26 10:07:17.0","2021-05-31 10:44:55.0"
"GD210402","강동4호점 성내1동 우리동네키움센터","1001","우리동네키움센터","11740","강동구","1003","초등학생","127.12496","37.52627","05400","서울특별시 강동구 성내로6다길 55","109동 2층 201호 (성내동 서도휴빌)","2021-05-10","","","26","1300","1900","0900","1800","0900","1800","N","","","N","","50000","N","","2500","17","3","88.95","","2021-04-16 11:13:00.0","2021-05-12 13:23:01.0"
"GR210311","구로15호점 융합형 우리동네키움센터(개봉동)","1009","융합형키움센터","11530","구로구","1003","초등학생","126.85782","37.4909","08332","서울특별시 구로구 개봉로18길 35","2~3층 (개봉동)","2021-04-01","","","91","1100","2000","0800","2000","0900","2000","Y","0900","1700","N","","50000","N","","2500","30","6","302","","2021-03-23 18:35:29.0","2021-07-13 11:27:11.0"
"GR210310","구로14호점 우리동네키움센터(구로3동)","1001","우리동네키움센터","11530","구로구","1003","초등학생","126.89085","37.48683","08375","서울특별시 구로구 디지털로31길 93","구로종합사회복지관 2층 (구로동)","2021-04-01","","","29","1000","1900","0900","1800","0900","1800","N","","","N","","50000","N","","2500","25","5","96.48","","2021-03-23 16:31:10.0","2021-07-15 13:03:02.0"
"DJ210301","동작10호점 융합형 우리동네키움센터(대방동)","1009","융합형키움센터","11590","동작구","1003","초등학생","126.92518","37.4996","07055","서울특별시 동작구 상도로 42","2층 (대방동)","2021-05-03","","","69","1200","2000","0800","2000","0800","2000","Y","0800","1200","N","","50000","N","","2500","40","8","230.85","","2021-03-17 11:01:14.0","2021-05-13 11:09:23.0"
"GJ210301","광진8호점 우리동네키움센터","1001","우리동네키움센터","11215","광진구","1003","초등학생","127.08463","37.5428","05038","서울특별시 광진구 자양로 170","2층 (구의동)","2021-04-01","","","45.6","1300","1900","0900","1800","0900","1800","N","","","N","","50000","N","","2500","26","5","151","","2021-03-15 14:21:57.0","2021-05-12 13:33:24.0"
"GS210302","강서4호점 우리동네키움센터(방화2동)","1001","우리동네키움센터","11500","강서구","1003","초등학생","126.80763856012994","37.571418936520786","07602","서울특별시 강서구 양천로10길 38","106동 105호 (방화동 신마곡벽산블루밍)","2021-03-10","","","80","0900","1900","0900","1900","0900","1900","N","","","N","","50000","N","","2500","25","5","267","","2021-03-08 11:57:36.0","2021-07-26 11:47:31.0"
"GS210301","강서3호점 우리동네키움센터","1001","우리동네키움센터","11500","강서구","1003","초등학생","126.84605","37.54109","07722","서울특별시 강서구 까치산로6길 49","1층 (화곡동)","2021-03-09","","","40","1200","1900","0900","1900","0900","1900","N","","","N","","50000","N","","2500","20","4","132","","2021-03-05 11:07:20.0","2021-06-17 10:44:42.0"
"GA210202","관악1호점 우리동네키움센터","1001","우리동네키움센터","11620","관악구","1003","초등학생","126.94171","37.47612","08829","서울특별시 관악구 참숯5길 38","1층 우리동네키움센터 관악1호점 (신림동)","2021-03-08","","","31","1100","2000","0900","1900","0900","1900","N","","","N","","50000","N","","2500","20","4","102.85","","2021-02-23 19:32:07.0","2021-06-24 11:02:01.0"
"GA210201","관악2호점 우리동네키움센터","1001","우리동네키움센터","11620","관악구","1003","초등학생","126.92871","37.47852","08843","서울특별시 관악구 문성로32길 18","3층 (신림동)","2021-03-08","","","28.15","1100","2000","0900","1900","0900","1900","N","","","N","","50000","N","","2500","20","4","93.085","","2021-02-23 15:48:06.0","2021-07-14 14:57:09.0"
"SB210203","성북9호점 우리동네키움센터(정릉4동)","1001","우리동네키움센터","11290","성북구","1003","초등학생","127.00981","37.6101","02717","서울특별시 성북구 보국문로16길 2","2층 (정릉동)","2021-03-02","","","30","1000","1900","0900","1800","0900","1800","N","","","N","","50000","N","","2500","29","6","115","","2021-02-18 18:34:54.0","2021-06-02 12:59:12.0"
"SB210202","성북4호점 우리동네키움센터(장위2동)","1001","우리동네키움센터","11290","성북구","1003","초등학생","127.05296","37.61141","02770","서울특별시 성북구 장위로40다길 10","성북4호점 우리동네키움센터 (장위동)","2021-03-02","","","57","1000","1900","0900","1900","0900","1900","N","","","N","","50000","N","","2500","41","8","187","","2021-02-18 17:22:39.0","2021-05-12 14:28:40.0"
"EP210206","은평7호점 우리동네키움센터","1001","우리동네키움센터","11380","은평구","1003","초등학생","126.90834","37.61331","03426","서울특별시 은평구 서오릉로17길 19-1","1층 (구산동)","2021-03-08","","","39","1000","1900","0900","1800","0900","1800","N","","","N","","50000","N","","2500","30","6","131.32","","2021-02-16 20:04:13.0","2021-05-12 14:49:35.0"
"EP210205","은평8호점 융합형 우리동네키움센터","1009","융합형키움센터","11380","은평구","1003","초등학생","126.92796","37.62303","03347","서울특별시 은평구 연서로40길 2","1층 2층 (불광동)","2021-03-15","","","71.23","1000","2000","0800","2000","0900","2000","Y","0900","1300","N","","50000","N","","2500","40","8","235.48","","2021-02-16 17:30:15.0","2021-05-07 14:41:27.0"
"EP210204","은평5호점 우리동네키움센터","1001","우리동네키움센터","11380","은평구","1003","초등학생","126.92943","37.6466","03304","서울특별시 은평구 진관4로 78-7","604동 1층 (진관동 은평뉴타운상림마을) ","2021-03-08","","","33","1000","1900","0900","1800","0900","1800","N","","","N","","50000","N","","2500","20","4","106.31","","2021-02-16 15:32:03.0","2021-07-06 13:09:42.0"
"SB210201","성북8호점 우리동네키움센터(길음2동)","1001","우리동네키움센터","11290","성북구","1003","초등학생","127.0275887607966","37.61038638907391","02727","서울특별시 성북구 숭인로 50","114동 1층 주민공동시설 (길음동 래미안길음센터피스)","2021-03-02","","","32.2","1000","1900","0900","1800","0900","1800","N","","","N","","50000","N","","2500","26","5","106.5","","2021-02-09 23:58:28.0","2021-05-12 14:28:01.0"
"SM210201","서대문4호점 우리동네키움센터(홍은2동)","1001","우리동네키움센터","11410","서대문구","1003","초등학생","126.93427855334897","37.58015566069941","03658","서울특별시 서대문구 모래내로 334","4층(서대문구청 4별관) (홍은동)","2021-02-22","","","42.6","1200","2000","0900","2000","0900","2000","N","","","N","","50000","N","","2500","25","5","140.63","","2021-02-09 17:45:41.0","2021-05-12 14:21:46.0"
"EP210203","은평6호점 우리동네키움센터","1001","우리동네키움센터","11380","은평구","1003","초등학생","126.92795561907216","37.60602807881045","03377","서울특별시 은평구 녹번로7길 36","은평6호점우리동네키움센터 (녹번동)","2021-03-08","","","23","1000","1900","0900","1800","0900","1800","N","","","N","","50000","N","","2500","20","4","73","","2021-02-05 14:59:55.0","2021-05-12 14:48:07.0"
"DJ210206","동작9호점 우리동네키움센터(대방동)","1001","우리동네키움센터","11590","동작구","1003","초등학생","126.92809501052628","37.51101786557924","06941","서울특별시 동작구 알마타길 28","1층 (대방동)","2021-02-22","","","25","0900","1900","0900","1900","0900","1900","N","","","N","","50000","N","","2500","20","5","79.54","","2021-02-04 14:52:13.0","2021-05-13 16:11:40.0"
"DJ210205","동작8호점 우리동네키움센터(사당3동)","1001","우리동네키움센터","11590","동작구","1003","초등학생","126.97658818276186","37.483866483785704","07005","서울특별시 동작구 사당로 261","1층 (사당동)","2021-02-22","","","25","1000","1900","0900","1900","0900","1900","N","","","N","","50000","N","","2500","20","4","85.48","","2021-02-04 14:44:09.0","2021-07-26 11:56:13.0"
"DJ210204","동작7호점 우리동네키움센터(사당2동)","1001","우리동네키움센터","11590","동작구","1003","초등학생","126.98174724476764","37.48931831543759","06997","서울특별시 동작구 동작대로29가길 30","2층 (사당동)","2021-02-22","","","25","1000","1900","0900","1800","1000","1900","N","","","N","","50000","N","","2500","20","4","85.37","","2021-02-04 14:38:17.0","2021-06-07 15:55:22.0"
"DJ210203","동작6호점 우리동네키움센터(신상도)","1001","우리동네키움센터","11590","동작구","1003","초등학생","126.94158422440108","37.50015348330154","07047","서울특별시 동작구 양녕로29길 50","1~2층 (상도동)","2021-02-22","","","45","0900","1900","0900","1900","0900","1900","N","","","N","","50000","N","","2500","30","6","149.75","","2021-02-04 14:31:42.0","2021-05-12 14:09:35.0"
"DJ210202","동작5호점 우리동네키움센터(상도1동)","1001","우리동네키움센터","11590","동작구","1003","초등학생","126.95353700353828","37.50087888600973","06971","서울특별시 동작구 상도로53길 41","2층 (상도동)","2021-02-22","","","33","1300","2000","0900","1800","0900","1800","N","","","N","","50000","N","","2500","30","6","111.72","","2021-02-04 14:25:20.0","2021-05-12 14:09:28.0"
"DJ210201","동작4호점 우리동네키움센터(노량진1동)","1001","우리동네키움센터","11590","동작구","1003","초등학생","126.9404116748169","37.51033245334556","06924","서울특별시 동작구 장승배기로 142-1","2층 (노량진동)","2021-02-22","","","42","0900","1900","0900","1900","0900","1900","N","","","N","","50000","N","","2500","30","6","139.68","","2021-02-04 14:16:20.0","2021-05-12 17:13:38.0"
"SD210101","성동11호점 우리동네키움센터(신금호아이꿈누리터)","1001","우리동네키움센터","11200","성동구","1003","초등학생","127.02076","37.55448","04727","서울특별시 성동구 행당로 6","103호 (금호동1가)","2021-01-27","","","28","0900","1900","0900","1800","0900","1800","N","","","N","","50000","N","","2500","20","4","90.75","","2021-01-27 13:48:16.0","2021-05-12 14:24:02.0"
"YC210101","양천3호점 우리동네키움센터","1001","우리동네키움센터","11470","양천구","1003","초등학생","126.8457","37.51793","08069","서울특별시 양천구 남부순환로83길 54","양천3호점 우리동네키움센터 (신월동)","2021-01-25","","","44.74","1300","1900","0900","1800","0900","1800","N","","","N","","50000","N","","2500","25","5","147.65","","2021-01-25 11:54:20.0","2021-06-24 10:38:08.0"
"YS210101","용산7호점 우리동네키움센터","1001","우리동네키움센터","11170","용산구","1003","초등학생","126.99465","37.52047","04398","서울특별시 용산구 서빙고로 279","서빙고동주민센터 4층 (서빙고동)","2021-01-29","","","40","1200","2000","0800","2000","0800","2000","N","","","N","","50000","N","","2500","30","6","132","","2021-01-22 10:11:45.0","2021-06-15 08:59:44.0"
"KC210101","금천3호점 우리동네키움센터(시흥1동)","1001","우리동네키움센터","11545","금천구","1003","초등학생","126.90083","37.44666","08637","서울특별시 금천구 시흥대로39길 46","상가 3층 (시흥동)","2021-01-20","","","38","1000","1900","0900","1800","0900","1800","N","","","N","","50000","N","","2500","25","5","125","","2021-01-20 11:31:36.0","2021-08-02 17:33:24.0"
"SP210101","송파15호점(융합형) 우리동네키움센터(잠실본동2호점 송파키움센터)","1009","융합형키움센터","11710","송파구","1003","초등학생","127.08268","37.50612","05569","서울특별시 송파구 백제고분로 139","B동 2층 (잠실동)","2021-01-18","","","63.5","1300","2000","0800","2000","0800","2000","Y","0900","1300","N","","50000","N","","2500","45","9","210","","2021-01-16 14:43:32.0","2021-03-26 19:26:12.0"
"SM210101","서대문3호점 우리동네키움센터 마을연계(홍제3동 우리동네키움센터)","1009","융합형키움센터","11410","서대문구","1003","초등학생","126.94693","37.59692","03619","서울특별시 서대문구 간호대로 35-12"," (홍제동)","2021-01-25","","","85","0800","2000","0800","2000","0800","2000","Y","0900","1400","N","","50000","N","","2500","40","8","283.18","","2021-01-10 14:08:14.0","2021-07-01 16:21:48.0"
"NW210101","노원24호점 우리동네키움센터(공릉비선 아이휴센터)","1001","우리동네키움센터","11350","노원구","1003","초등학생","127.08713616929711","37.62566686269063","01799","서울특별시 노원구 화랑로51길 78","504동 105호 (공릉동 비선아파트)","2021-02-15","","","23","1300","2000","0900","2000","0900","2000","N","","","N","","20000","N","","2500","23","4","77.44","","2021-01-07 16:38:31.0","2021-05-24 21:40:14.0"
"JG210101","중구6호점 우리동네키움센터(중구형 초등돌봄 다산센터)","1001","우리동네키움센터","11140","중구","1003","초등학생","127.00954","37.55436","04598","서울특별시 중구 동호로11길 22","신당종합복지관 5층 (신당동)","2021-01-04","","","23","1300","2000","0800","2000","0800","2000","N","","","Y","0","","","0","","20","4","78","","2021-01-04 14:00:16.0","2021-06-01 17:00:15.0"
"YF210102","영등포8호점 우리동네키움센터(신길1동 아이랜드)","1001","우리동네키움센터","11560","영등포구","1003","초등학생","126.9156","37.51009","07348","서울특별시 영등포구 도신로54길 15-12","1층 (신길동)","2021-01-11","","","23","1100","2000","0900","1900","0900","1900","N","","","","0","","Y","0","","20","4","77","","2021-01-02 15:06:34.0","2021-05-12 14:42:12.0"
"YF210101","영등포7호점 우리동네키움센터(당산2동 아이랜드)","1001","우리동네키움센터","11560","영등포구","1003","초등학생","126.90026","37.52864","07220","서울특별시 영등포구 국회대로37길 19","중앙빌딩 3층 (당산동4가)","2021-01-11","","","35","0800","1900","0800","1900","0900","1900","N","","","","0","","Y","0","","25","5","115","","2021-01-02 15:00:55.0","2021-05-12 14:42:04.0"
"YC201201","양천2호점 우리동네키움센터(융합형)","1009","융합형키움센터","11470","양천구","1003","초등학생","126.8703","37.54324","07974","서울특별시 양천구 목동중앙본로 86","2층 (목동)","2021-01-11","","","72","1300","2000","0800","2000","0800","2000","Y","0900","1300","N","","50000","N","","2500","35","7","239","","2020-12-29 16:14:47.0","2021-06-23 16:26:41.0"
"JN201203","종로3호점 해아전 우리동네키움센터(혜화동)","1001","우리동네키움센터","11110","종로구","1003","초등학생","127.00065","37.586","03075","서울특별시 종로구 혜화로 3","1층~3층 (혜화동)","2021-01-20","","","50.5","0900","1800","0900","1800","0900","1800","N","","","N","","50000","N","","2500","20","4","167","","2020-12-24 18:25:48.0","2021-08-02 14:34:48.0"
"JR201201","중랑2호점 우리동네키움센터(중랑아동돌봄센터)","1001","우리동네키움센터","11260","중랑구","1003","초등학생","127.08423","37.61948","02021","서울특별시 중랑구 신내로25가길 2","3층 303호 (묵동)","2021-02-01","","","26","1300","1900","0900","1900","0900","1900","N","","","N","","50000","N","","2500","26","5","87.36","","2020-12-24 10:24:42.0","2021-06-15 14:21:23.0"
"GD201202","강동3호점 강일동 우리동네키움센터(융합형)","1009","융합형키움센터","11740","강동구","1003","초등학생","127.17408","37.56464","05211","서울특별시 강동구 아리수로 421","2층 (강일동)","2020-12-28","","","88","1300","2000","0800","2000","0800","2000","Y","0900","1300","N","","50000","N","","2500","35","7","290.9","","2020-12-23 12:30:50.0","2021-07-26 16:39:41.0"
"GD201201","강동2호점 명일2동 우리동네키움센터","1001","우리동네키움센터","11740","강동구","1003","초등학생","127.15465244125722","37.54875135643027","05271","서울특별시 강동구 동남로67길 21","2층 (명일동)","2020-12-28","","","21","1000","1900","0900","1800","0900","1800","N","","","N","","40000","N","","2000","17","3","83.6","","2020-12-23 12:03:35.0","2021-05-12 13:22:42.0"
"YS201201","용산8호점 우리동네키움센터","1001","우리동네키움센터","11170","용산구","1003","초등학생","126.98858","37.53605","04345","서울특별시 용산구 녹사평대로40나길 37","지하1층 (이태원동)","2020-12-28","","","24","1200","2000","0800","2000","0800","2000","N","","","N","","50000","","0","","20","4","78.79","","2020-12-18 14:48:23.0","2021-05-12 14:46:03.0"
"SB201201","성북2호점 우리동네키움센터 융합형(석관동)","1009","융합형키움센터","11290","성북구","1003","초등학생","127.0546434337544","37.608960471399406","02790","서울특별시 성북구 화랑로 214","래미안석관 내 키움센터 (석관동 래미안석관) / 구. 석관동 청소년공부방","2020-12-21","","","81.4","1300","2000","0900","2000","0900","2000","Y","0800","1200","N","","50000","N","","2500","35","7","269","","2020-12-17 14:51:49.0","2021-06-24 16:05:52.0"
"DM201201","동대문3호점 우리동네키움센터","1001","우리동네키움센터","11230","동대문구","1003","초등학생","127.06081","37.5805","02508","서울특별시 동대문구 전농로16길 51","108동 주민공동시설 1층 (전농동 래미안아름숲)","2020-12-21","","","77.91","0900","1900","0900","1800","0900","1800","N","","","N","","50000","N","","2500","20","4","257.13","","2020-12-14 17:05:44.0","2021-07-15 15:16:49.0"
"KC201201","금천1호점 우리동네키움센터(독산1동)","1001","우리동네키움센터","11545","금천구","1003","초등학생","126.89474","37.45858","08608","서울특별시 금천구 벚꽃로 30","2차 상가 314호 (독산동 금천 롯데캐슬 골드파크 2차)","2020-12-01","","","24","1000","1900","0900","1800","0900","1800","N","","","N","","50000","N","","2500","20","4","79.56","","2020-12-14 14:02:12.0","2021-05-12 13:58:13.0"
"SP201207","송파14호점 우리동네키움센터(장지동 송파키움센터)","1001","우리동네키움센터","11710","송파구","1003","초등학생","127.12672","37.48198","05810","서울특별시 송파구 새말로8길 9","2층 201호","2020-12-07","","","30","0900","2000","0700","2000","0800","2000","N","","","N","","50000","N","","2500","30","6","99","","2020-12-08 14:36:43.0","2021-07-22 15:42:40.0"
"SP201206","송파13호점 우리동네키움센터(송파2동 송파키움센터)","1001","우리동네키움센터","11710","송파구","1003","초등학생","127.11558","37.50196","05674","서울특별시 송파구 송이로10길 12","2층 (송파동)","2020-12-15","","","24.8","0900","1900","0900","1800","0900","1800","N","","","N","","50000","N","","2500","20","4","82","","2020-12-08 14:27:19.0","2021-05-12 14:35:01.0"
"SP201205","송파12호점 우리동네키움센터(방이1동 송파키움센터)","1001","우리동네키움센터","11710","송파구","1003","초등학생","127.11952","37.51195","05635","서울특별시 송파구 가락로 270","2층 (방이동 우정팰리스)","2020-12-01","","","33.9","0900","1900","0900","1800","0900","1800","N","","","N","","50000","N","","2500","30","6","112","","2020-12-08 14:19:47.0","2021-05-12 14:34:52.0"
"SP201204","송파11호점(융합형) 우리동네키움센터(오금동 송파키움센터)","1009","융합형키움센터","11710","송파구","1003","초등학생","127.14152","37.50043","05738","서울특별시 송파구 동남로28길 40","구립청소년미래센터 3층 (오금동)","2020-12-07","","","63.5","1100","2000","0800","2000","1300","2000","Y","0900","1300","N","","50000","N","","2500","45","9","210","","2020-12-08 14:07:06.0","2021-05-18 16:48:39.0"
"SP201203","송파10호점 우리동네키움센터(가락2동 송파키움센터)","1001","우리동네키움센터","11710","송파구","1003","초등학생","127.12721","37.49834","05822","서울특별시 송파구 중대로20길 14","2층 (가락동)","2020-12-15","","","34.8","1300","1900","0900","1800","0900","1800","N","","","N","","50000","N","","2500","30","6","115","","2020-12-08 13:52:44.0","2021-05-27 10:25:25.0"
"SP201202","송파9호점 우리동네키움센터(삼전동 2호점 송파키움센터)","1001","우리동네키움센터","11710","송파구","1003","초등학생","127.09461","37.50673","05601","서울특별시 송파구 석촌호수로 158","2층 (삼전동 금한빌딩)","2020-11-23","","","26.9","1300","1900","0900","1800","0900","1800","N","","","N","","50000","N","","2500","25","5","89","","2020-12-08 11:17:01.0","2021-06-11 12:37:10.0"
"SP201201","송파8호점 우리동네키움센터(석촌동 송파키움센터)","1001","우리동네키움센터","11710","송파구","1003","초등학생","127.10405","37.50431","05615","서울특별시 송파구 백제고분로37길 4","1층 (석촌동)","2020-11-23","","","21.8","1300","1900","0900","1800","0900","1800","N","","","N","","50000","N","","2500","20","4","72","","2020-12-08 10:36:45.0","2021-05-12 14:30:15.0"
"MP201201","마포3호점 우리동네키움센터(용강동)","1001","우리동네키움센터","11440","마포구","1003","초등학생","126.93806","37.54233","04162","서울특별시 마포구 대흥로4길 13","2층 (용강동)","2020-12-21","","","34","1000","1900","0900","1800","0900","1800","N","","","N","","50000","N","","2500","20","4",".113.56","","2020-12-07 15:51:44.0","2021-07-27 10:32:52.0"
"JN201201","종로4호점 우리동네키움센터(마을연계)(융합형)","1009","융합형키움센터","11110","종로구","1003","초등학생","127.01644","37.57699","03109","서울특별시 종로구 지봉로12길 16","201호 및 202호 (숭인동 남광쉐르빌)","2020-12-30","","","57.8","0900","2000","0800","2000","0800","2000","Y","0900","1400","N","","50000","N","","2500","30","6","191","","2020-12-04 21:18:47.0","2021-01-19 17:19:10.0"
"GJ201204","광진7호점 우리동네키움센터","1001","우리동네키움센터","11215","광진구","1003","초등학생","127.09337","37.53785","05047","서울특별시 광진구 구의강변로 79","2층 (구의동)","2020-12-07","","","34.1","1300","1900","0900","1800","0900","1800","N","","","N","","50000","N","","2500","20","4","112.71","","2020-12-04 18:54:48.0","2021-05-12 13:33:18.0"
"GJ201203","광진6호점 우리동네키움센터","1001","우리동네키움센터","11215","광진구","1003","초등학생","127.08106","37.55951","04928","서울특별시 광진구 능동로 338","2층 (중곡동)","2020-12-01","","","51.5","1300","1900","1000","1900","1000","1800","N","","","N","","50000","","0","","25","5","170.25","","2020-12-04 18:50:29.0","2021-05-12 13:33:07.0"
"GJ201202","광진5호점 우리동네키움센터","1001","우리동네키움센터","11215","광진구","1003","초등학생","127.08105","37.56047","04915","서울특별시 광진구 능동로 347","2층 (중곡동)","2020-12-01","","","40","0900","1900","0900","1800","0900","1900","N","","","N","","50000","N","","2500","20","4","132.05","","2020-12-04 18:42:33.0","2021-06-18 17:34:23.0"
"GJ201201","광진4호점 우리동네키움센터","1001","우리동네키움센터","11215","광진구","1003","초등학생","127.09732","37.54108","04974","서울특별시 광진구 아차산로66길 8","3층 (광장동)","2020-12-01","","","25.6","1300","1900","0800","1900","0800","1900","N","","","N","","50000","N","","2500","18","3","84.72","","2020-12-04 18:35:05.0","2021-05-12 13:32:45.0"
"BP201201","제2호(동작권) 거점형 우리동네키움센터","1008","거점형키움센터","","","1003","초등학생","126.92663","37.51216","06938","서울특별시 동작구 노량진로 10","스페이스살림 내 1층 활동실 (대방동)","","","","","0800","2100","0800","2100","0800","2100","Y","1000","1800","","0","","N","","2500","0","18","","11590","2020-12-02 10:51:24.0","2021-07-29 13:44:09.0"
"GB201101","강북2호점 우리동네키움센터(인수동)","1001","우리동네키움센터","11305","강북구","1003","초등학생","127.01413","37.63437","01093","서울특별시 강북구 인수봉로48길 11-3","1층 (수유동)","2020-12-07","","","25","1300","1900","0900","1900","0900","1900","N","","","N","","50000","N","","2500","20","4","84","","2020-11-27 21:27:40.0","2021-05-21 10:22:14.0"
"GN201101","강남5호점 우리동네키움센터(도성다함께키움센터)","1001","우리동네키움센터","11680","강남구","1003","초등학생","127.048","37.49852","06216","서울특별시 강남구 역삼로52길 14","304호(역삼동 도곡프라자) (역삼동)","2020-12-28","","","37.3","1000","1900","0900","1800","0900","1800","N","","","N","","50000","N","","2500","20","4","123.16","","2020-11-23 13:01:52.0","2021-05-12 13:20:41.0"
"GR201104","구로13호점 우리동네키움센터(항동)","1001","우리동네키움센터","11530","구로구","1003","초등학생","126.82476","37.48116","08368","서울특별시 구로구 항동로3길 4","201호 (항동)","2020-11-25","","","29","0900","1900","0900","1800","0900","1800","N","","","N","","50000","N","","2500","25","5","96.3","","2020-11-18 14:36:51.0","2021-07-13 10:50:38.0"
"GR201103","구로12호점 우리동네키움센터(온수동)","1001","우리동네키움센터","11530","구로구","1003","초등학생","126.82445","37.49307","08260","서울특별시 구로구 부일로 875","2층 (온수동)","2020-11-25","","","42","0900","1800","0900","1800","0900","1800","N","","","N","","50000","N","","2500","25","5","141","","2020-11-18 14:27:53.0","2021-07-19 10:59:44.0"
"GR201102","구로11호점 우리동네키움센터(천왕숲)","1001","우리동네키움센터","11530","구로구","1003","초등학생","126.84245","37.4837","08350","서울특별시 구로구 오리로 1102-6","106호107호 (천왕동)","2020-11-25","","","30","1000","1900","0900","1800","0900","1800","N","","","N","","50000","N","","2500","25","5","99.5","","2020-11-18 14:19:45.0","2021-07-21 09:34:45.0"
"GR201101","구로10호점 우리동네키움센터(오류2동)","1001","우리동네키움센터","11530","구로구","1003","초등학생","126.83936","37.4894","08342","서울특별시 구로구 서해안로24길 27","2층 (오류동)","2020-11-25","","","21","1100","2000","0900","1900","0900","1800","N","","","N","","50000","N","","2500","20","4","70.2","","2020-11-18 14:14:06.0","2021-05-17 17:28:34.0"
"JN201103","종로2호점 우리동네키움센터(부암동)","1001","우리동네키움센터","11110","종로구","1003","초등학생","126.9606","37.60174","03014","서울특별시 종로구 세검정로 259","102호 (신영동 진안빌라)","2020-11-18","","","28.4","0900","1900","0900","1800","0900","1800","N","","","N","","50000","N","","2500","20","4","94","","2020-11-12 17:49:14.0","2021-05-12 14:49:54.0"
"GJ201101","광진3호점 융합형 우리동네키움센터","1009","융합형키움센터","11215","광진구","1003","초등학생","127.08392","37.53409","05056","서울특별시 광진구 자양로 71-7","지하1층 ~ 지상2층 (자양동)","2020-11-02","","","88.2","0900","2000","0800","2000","0800","2000","Y","1100","1500","N","","20000","N","","2500","30","6","291.33","","2020-11-12 14:08:01.0","2021-04-27 09:43:34.0"
"SM201101","서대문2호점 우리동네키움센터(연희동 우리동네키움센터  친구랑)","1001","우리동네키움센터","11410","서대문구","1003","초등학생","126.93284","37.57001","03699","서울특별시 서대문구 연희로 139-5","2층(연희동호범빌딩) (연희동)","2020-11-09","","","27","0900","2000","0900","2000","0900","1800","N","","","N","","50000","N","","2500","25","0","89.11","","2020-11-02 14:11:52.0","2021-05-31 08:43:56.0"
"SP201001","송파7호점 우리동네키움센터(위례동 송파키움센터)","1001","우리동네키움센터","11710","송파구","1003","초등학생","127.13572","37.47573","05814","서울특별시 송파구 위례순환로 477","2321동 1층 다목적실내부 (장지동 위례포레샤인23단지)","2020-11-09","","","44","1300","1900","0900","1800","0900","1800","N","","","N","","50000","N","","2500","30","6","146","","2020-10-25 20:57:55.0","2021-06-11 12:36:37.0"
"GB201001","강북1호점 우리동네키움센터(융합형)(수유2동)","1009","융합형키움센터","11305","강북구","1003","초등학생","127.01551","37.64862","01044","서울특별시 강북구 삼양로136길 30","2층~3층 (수유동 다올자리)","2020-11-23","","","224.74","1300","2000","0800","2000","0800","2000","Y","0900","1300","N","","50000","N","","2500","30","6","224.74","","2020-10-23 16:05:30.0","2021-05-20 16:24:50.0"
"YF201001","영등포6호점 우리동네키움센터(도영 아이랜드)","1001","우리동네키움센터","11560","영등포구","1003","초등학생","126.90214","37.50993","07369","서울특별시 영등포구 도림로112길 21-15","2층 (영등포동)","2020-10-26","","","27","0900","1900","0900","1900","0900","1900","N","","","","","","Y","0","","20","4","89","","2020-10-13 17:58:20.0","2021-05-13 15:46:45.0"
"NW201001","노원23호점 우리동네키움센터(노원융합형 아이휴센터)","1009","융합형키움센터","11350","노원구","1003","초등학생","127.0596","37.64097","01772","서울특별시 노원구 덕릉로70길 100"," (상계동) 노원아이돌봄센터 2층","2020-10-29","","","100","1300","2000","0900","2000","0900","2000","Y","0900","1300","N","","20000","N","","2500","40","8","318","","2020-10-11 16:00:51.0","2021-07-20 17:43:18.0"
"GR201001","구로9호점 우리동네키움센터(신도림동)","1001","우리동네키움센터","11530","구로구","1003","초등학생","126.87874","37.5066","08211","서울특별시 구로구 신도림로 20","401호 (신도림동)","2020-10-12","","","55","0900","1900","0900","1800","0900","1800","N","","","N","","50000","N","","2500","30","6","181","","2020-10-06 19:31:40.0","2021-05-12 13:54:22.0"
"GR200903","구로8호점 우리동네키움센터(고척2동)","1001","우리동네키움센터","11530","구로구","1003","초등학생","126.85552","37.50697","08239","서울특별시 구로구 중앙로15길 80","2층 (고척동)","2020-10-01","","","40","0900","1900","0900","1800","0900","1900","N","","","N","","50000","N","","2500","30","6","154","","2020-09-29 16:20:43.0","2021-07-21 10:24:54.0"
"BP200902","제1호(노원?도봉권) 거점형 우리동네키움센터","1008","거점형키움센터","","","1003","초등학생","127.05127","37.67222","01614","서울특별시 노원구 동일로231다길 10"," (상계동)","","","","","0800","2100","0800","2100","0800","2100","Y","1000","1800","","0","","N","","2500","0","20","","1135011320","2020-09-29 09:46:21.0","2021-07-19 14:39:45.0"
"YS200901","용산6호점 우리동네키움센터","1001","우리동네키움센터","11170","용산구","1003","초등학생","126.96662480713961","37.5267648742758","04387","서울특별시 용산구 서빙고로 17","용산센트럴해링턴스퀘어 (한강로3가)","2020-10-05","","","44","0800","2000","0800","2000","0800","2000","N","","","N","","50000","N","","2500","40","8","146.5","","2020-09-27 18:20:45.0","2021-05-12 14:45:15.0"
"NW200901","노원22호점 우리동네키움센터(상계보람2단지 아이휴센터)","1001","우리동네키움센터","11350","노원구","1003","초등학생","127.06481","37.66747","01671","서울특별시 노원구 한글비석로 480","208동 102호 (상계동 보람아파트2단지)","2020-10-05","","","20.9","1300","2000","0900","2000","0900","2000","N","","","N","","20000","N","","2500","21","4","69","","2020-09-22 17:58:24.0","2021-05-12 14:02:24.0"
"YF200902","영등포5호점 우리동네키움센터(여의동 아이랜드)","1001","우리동네키움센터","11560","영등포구","1003","초등학생","126.93195","37.5189","07343","서울특별시 영등포구 여의대방로 386","진주상가 404호 (여의도동)","2020-10-07","","","35","0800","1900","0800","1900","0800","1900","N","","","Y","0","","","0","","25","5","115","","2020-09-20 16:56:19.0","2021-07-09 10:00:23.0"
"YF200901","영등포4호점 우리동네키움센터(문래동 아이랜드)","1001","우리동네키움센터","11560","영등포구","1003","초등학생","126.88907","37.51965","07281","서울특별시 영등포구 선유로 63","동신타워 203호 (문래동6가)","2020-10-07","","","30","0900","1900","0900","1900","0900","1900","N","","","Y","0","","","0","","25","5","99","","2020-09-20 16:53:01.0","2021-06-15 10:06:37.0"
"SC200802","서초3호점 우리동네키움센터(서초구립 내곡동 초등키움센터)","1001","우리동네키움센터","11650","서초구","1003","초등학생","127.05991","37.45342","06800","서울특별시 서초구 청계산로9길 70","sh플라자 3층 (내곡동)","2020-10-19","","","54","1000","1900","0900","1800","1000","1900","N","","","Y","0","","","0","","25","5","163.82","","2020-08-27 11:43:26.0","2021-05-12 14:22:47.0"
"SC200801","서초2호점 우리동네키움센터(서초구립 네이처힐2단지 초등키움센터)","1001","우리동네키움센터","11650","서초구","1003","초등학생","127.02177661346944","37.462507943987106","06765","서울특별시 서초구 형촌길 15","205동 (우면동) (우면동 서초네이처힐2단지)","2020-10-19","","","30","1000","1900","0900","1800","1000","1900","N","","","Y","0","","","0","","20","4","97.18","","2020-08-27 09:53:11.0","2021-05-12 14:22:32.0"
"GN200701","강남4호점 우리동네키움센터(미미위세곡키움센터)","1001","우리동네키움센터","11680","강남구","1003","초등학생","127.10732","37.47381","06370","서울특별시 강남구 밤고개로 231","훼미리타운 A동 202 203호 (자곡동)","2020-08-18","","","53.3","0900","1900","0900","1900","0900","1900","N","","","N","","50000","N","","2500","25","5","175.95","","2020-07-25 12:32:00.0","2021-06-24 10:07:14.0"
"NW200701","노원21호점 우리동네키움센터(상계12단지 아이휴센터)","1001","우리동네키움센터","11350","노원구","1003","초등학생","127.05845986269372","37.665736418669695","01673","서울특별시 노원구 한글비석로 530","1207동 106호 (상계동 상계주공12단지아파트)","2020-07-24","","","21","1300","2000","0900","2000","0900","2000","N","","","N","","20000","N","","2500","21","4","70.35","","2020-07-16 14:19:46.0","2021-05-12 14:02:14.0"
"YS200701","용산5호점 우리동네키움센터","1001","우리동네키움센터","11170","용산구","1003","초등학생","126.9536","37.53549","04357","서울특별시 용산구 효창원로 39","2층(도로기준 3층) (신창동)","2020-07-27","","","30","0800","2000","0800","2000","0800","2000","N","","","N","","50000","N","","2500","20","4","98.78","","2020-07-10 16:41:50.0","2021-05-12 14:44:57.0"
"NW200602","노원19호점 우리동네키움센터(중계무지개 아이휴센터)","1001","우리동네키움센터","11350","노원구","1003","초등학생","127.06523","37.64436","01781","서울특별시 노원구 동일로208길 19","201동 104호 (중계동 중계무지개아파트)","2020-06-22","","","21","1300","2000","0900","2000","0900","2000","N","","","N","","20000","N","","2500","21","4","69.54","","2020-06-17 13:25:45.0","2021-05-12 14:02:04.0"
"NW200601","노원18호점 우리동네키움센터(상계1단지 아이휴센터)","1001","우리동네키움센터","11350","노원구","1003","초등학생","127.06049","37.64835","01766","서울특별시 노원구 동일로213길 21","111동 101호 (상계동 상계주공1단지아파트)","2020-06-22","","","25","0900","2000","0900","2000","0900","2000","N","","","N","","20000","N","","2500","25","5","84.41","","2020-06-12 17:22:13.0","2021-05-12 14:01:54.0"
"GN200601","강남3호점 우리동네키움센터(강남 다함께키움센터(청담))","1001","우리동네키움센터","11680","강남구","1003","초등학생","127.05405","37.52047","06073","서울특별시 강남구 영동대로131길 26","강남청소년수련관 3층 (청담동)","2020-07-06","","","53.7","0800","1900","0800","1800","0900","1800","N","","","N","","50000","N","","2500","25","5","177.48","","2020-06-04 20:26:18.0","2021-05-26 16:10:32.0"
"DB200503","도봉3호점 우리동네키움센터(도봉2동 별별키움센터)","1001","우리동네키움센터","11320","도봉구","1003","초등학생","127.04676","37.68604","01318","서울특별시 도봉구 마들로 859-19","102동 104호  (도봉동 도봉한신아파트)","20191230","","","31","1300","1900","0900","1800","1000","1800","N","","","Y","0","","Y","0","","20","4","104","","2020-05-25 12:06:20.0","2021-05-12 14:06:40.0"
"DB200501","도봉4호점 우리동네키움센터(창1동 별별키움센터)","1001","우리동네키움센터","11320","도봉구","1003","초등학생","127.04506575087222","37.649114672014576","01421","서울특별시 도봉구 해등로 50","323동 101호 (창동 주공3단지아파트)","2020-05-27","","","31","1300","1900","0900","1800","1000","1900","N","","","Y","","","","0","","20","4","101","","2020-05-20 08:53:16.0","2021-05-12 14:06:31.0"
"NW200501","노원20호점 우리동네키움센터(상계두산 융합형 아이휴센터)","1009","융합형키움센터","11350","노원구","1003","초등학생","127.05375","37.67788","01606","서울특별시 노원구 동일로241길 53","관리사무소 2층 (상계동 두산아파트)","2020-04-01","","","110","0900","2000","0900","2000","0900","2000","Y","0900","1300","N","","20000","N","","2500","40","8","300","","2020-05-13 15:22:31.0","2021-06-22 13:22:31.0"
"JG200501","중구5호점 우리동네키움센터(중구형 초등돌봄 신당5동센터)","1001","우리동네키움센터","11140","중구","1003","초등학생","127.02188","37.56513","04578","서울특별시 중구 다산로44길 85","2층 (신당동)","2020-05-01","","","30","1300","2000","0800","2000","0800","2000","N","","","Y","0","","","0","","29","6","97.62","","2020-05-08 15:29:17.0","2021-05-03 17:17:57.0"
"SP200502","송파6호점 우리동네키움센터(문정2동 송파키움센터)","1001","우리동네키움센터","11710","송파구","1003","초등학생","127.11148","37.48977","05834","서울특별시 송파구 중대로4길 4","1층 (문정동)","2020-05-04","","","24","0700","2100","0900","1800","0900","1800","N","0900","1300","N","","50000","N","","2500","25","5","81.21","","2020-05-06 09:15:04.0","2021-06-10 09:39:55.0"
"SP200501","송파5호점 우리동네키움센터(가락본동 송파키움센터)","1001","우리동네키움센터","11710","송파구","1003","초등학생","127.12345","37.50073","05705","서울특별시 송파구 오금로36길 36","태연빌딩 3층 (가락동)","2020-05-04","","","36","1300","1900","0900","1800","0900","1800","N","","","N","","50000","N","","2500","30","6","120","","2020-05-06 09:09:39.0","2021-05-12 14:29:46.0"
"NW200407","노원17호점 우리동네키움센터(상계6단지 아이휴센터)","1001","우리동네키움센터","11350","노원구","1003","초등학생","127.0662","37.65471","01752","서울특별시 노원구 노해로 508","623동 101호102호 (상계동 상계주공6단지아파트)","2020-05-06","","","36","1300","2000","0900","2000","0900","2000","N","","","N","","20000","N","","2500","35","7","165","","2020-04-28 17:18:05.0","2021-05-12 14:01:41.0"
"GJ200401","광진2호점 우리동네키움센터(꿈 정함)","1001","우리동네키움센터","11215","광진구","1003","초등학생","127.08475","37.52884","05106","서울특별시 광진구 자양로3가길 28"," (자양동)","2020-05-01","","","39","0900","1900","0900","1900","0900","1900","N","","","N","","50000","N","","2500","20","4","131","","2020-04-22 16:35:40.0","2021-05-12 13:32:38.0"
"DJ200401","동작3호점 우리동네키움센터(사당5동)","1001","우리동네키움센터","11590","동작구","1003","초등학생","126.96676468442332","37.48753664901531","07030","서울특별시 동작구 사당로 154","2층 (사당동)","2020-05-08","","","33","0800","1900","0800","1900","0800","1900","N","","","N","","50000","N","","2500","20","4","83","","2020-04-08 15:36:32.0","2021-07-01 12:38:34.0"
"GR200401","구로7호점 우리동네키움센터(구로융합형)","1009","융합형키움센터","11530","구로구","1003","초등학생","126.89777","37.48138","08393","서울특별시 구로구 디지털로32가길 50","3~4층 (구로동)","2020-04-01","","","69","0900","2000","0800","2000","0800","2000","Y","0900","1400","N","","50000","N","","2500","30","6","238","","2020-04-03 11:31:49.0","2021-04-14 15:45:50.0"
"NW200401","노원16호점 우리동네키움센터(상계다락 아이휴센터)","1001","우리동네키움센터","11350","노원구","1003","초등학생","127.07049","37.66257","01667","서울특별시 노원구 한글비석로 426-12","3층 (상계동)","2020-04-01","","","25","0900","2000","0900","2000","0900","2000","N","","","N","","20000","N","","2500","25","5","83","","2020-04-01 14:58:21.0","2021-05-12 14:01:21.0"
"GR200302","구로6호점 우리동네키움센터(고척1동)","1001","우리동네키움센터","11530","구로구","1003","초등학생","126.86237","37.49864","08227","서울특별시 구로구 중앙로1길 18-19","104동 109호 (고척동 우성현대아파트)","2020-03-23","","","21","0900","1900","0900","1900","0900","1800","N","","","N","","50000","N","","2500","20","4","66","","2020-03-23 12:15:23.0","2021-07-21 10:17:20.0"
"JG200301","중구4호점 우리동네키움센터(중구형 초등돌봄 약수센터)","1001","우리동네키움센터","11140","중구","1003","초등학생","127.01257","37.55188","04596","서울특별시 중구 동호로5길 19","1층 (신당동)","2020-03-02","","","109","1300","2000","0800","2000","0800","2000","N","","","Y","0","","","0","","81","16","290","","2020-03-18 10:13:43.0","2021-05-03 17:18:18.0"
"GR200301","구로5호점 우리동네키움센터(천왕동)","1001","우리동네키움센터","11530","구로구","1003","초등학생","126.83912","37.47927","08364","서울특별시 구로구 천왕로 21","701동 1층 (천왕동 천왕이펜하우스7단지)","2020-03-16","","","34","0900","1900","0900","1800","0900","1800","N","","","N","","50000","N","","2500","30","6","118","","2020-03-17 18:55:09.0","2021-07-27 09:32:31.0"
"EP200301","은평4호점 우리동네키움센터(역촌)","1001","우리동네키움센터","11380","은평구","1003","초등학생","126.91928","37.60535","03403","서울특별시 은평구 진흥로7나길 12-5","2층 (역촌안심마을 경로당) (역촌동)","2020-03-30","","","22","1000","1900","0900","1800","0900","1800","N","","","N","","50000","N","","2500","20","4","73","","2020-03-11 10:25:21.0","2021-05-12 14:47:59.0"
"SD200203","성동10호점 우리동네키움센터(금호대우아이꿈누리터)","1001","우리동네키움센터","11200","성동구","1003","초등학생","127.02257908614159","37.54700478096152","04738","서울특별시 성동구 독서당로 272"," 독서당로 46길 26 금호4가 주민센터 옆 금호대우아이꿈누리터 (성동10호점 우리동네키움센터)","2020-02-17","","","33","1000","1900","0900","1800","0900","1800","N","","","N","","50000","N","","2500","20","4","104.8","","2020-02-25 17:11:05.0","2021-05-13 12:10:14.0"
"YF200203","영등포3호점 우리동네키움센터(대림1동 아이랜드)","1001","우리동네키움센터","11560","영등포구","1003","초등학생","126.90664","37.49123","07442","서울특별시 영등포구 시흥대로183길 9-2","2층 (대림동)","2020-03-02","","","27","0900","2000","0900","1900","0900","1900","N","","","","0","","Y","0","","20","4","89.9","","2020-02-16 17:04:17.0","2021-05-12 14:41:33.0"
"YF200202","영등포2호점 우리동네키움센터(당산1동 아이랜드)","1001","우리동네키움센터","11560","영등포구","1003","초등학생","126.894","37.526","07261","서울특별시 영등포구 당산로29길 9","1층 (그린앤케어센터) (당산동3가)","2020-03-02","","","35","0900","1900","0800","1900","0900","1900","N","","","","0","","Y","0","","25","5","115","","2020-02-16 16:52:38.0","2021-05-12 14:41:22.0"
"GR200201","구로4호점 우리동네키움센터(구로1동)","1001","우리동네키움센터","11530","구로구","1003","초등학생","126.87756","37.49232","08325","서울특별시 구로구 구일로4길 46","202동 106호 (구로동 현대연예인아파트)","2020-02-01","","","25","0900","2000","0900","1800","0900","1800","N","","","N","","50000","N","","2500","25","5","84","","2020-02-11 18:22:03.0","2021-07-27 16:08:59.0"
"SD200201","성동9호점 우리동네키움센터(사근동아이꿈누리터)","1001","우리동네키움센터","11200","성동구","1003","초등학생","127.04533","37.5615","04761","서울특별시 성동구 사근동길 37","사근동 공공복합청사 지하1층 (사근동)","2020-02-10","","","25","0900","1900","0900","1800","0900","1800","N","","","N","","50000","N","","2500","15","3","66.8","","2020-02-07 15:42:33.0","2021-05-12 14:23:40.0"
"GS200203","강서1호점 우리동네키움센터(염창동)","1001","우리동네키움센터","11500","강서구","1003","초등학생","126.87188","37.55605","07535","서울특별시 강서구 양천로67길 93-22","염창1빗물펌프장 2층 (염창동)","2020-02-17","","","67","0900","2000","0900","1900","1000","1800","N","","","N","","50000","N","","2500","25","0","223","","2020-02-04 10:36:17.0","2021-06-02 11:08:09.0"
"GS200202","강서2호점 우리동네키움센터(방화3동)","1001","우리동네키움센터","11500","강서구","1003","초등학생","126.81398","37.57958","07511","서울특별시 강서구 금낭화로 162","1층 (방화동 방화메이빌아파트)","2020-02-03","","","37","0900","1900","0900","1900","1000","1900","N","","","N","","50000","N","","2500","20","4","121","","2020-02-04 10:13:04.0","2021-05-12 13:30:27.0"
"DJ200127","동작2호점 우리동네키움센터(신대방1동)","1001","우리동네키움센터","11590","동작구","1003","초등학생","126.91264351937548","37.489467027924164","07066","서울특별시 동작구 신대방2길 42-10","3층 (신대방동)","2020-01-06","","","55","0900","1900","0900","1900","0900","1800","N","","","N","","50000","N","","2500","30","6","182","","2020-01-17 14:51:25.0","2021-05-13 13:54:17.0"
"YS200111","용산3호점 우리동네키움센터","1001","우리동네키움센터","11170","용산구","1003","초등학생","126.99947","37.53471","04404","서울특별시 용산구 이태원로36길 7","한남제일교회 1층 (한남동)","2020-01-15","","","22","0800","2000","0800","2000","0800","2000","N","","","N","","50000","N","","2500","20","4","74","","2020-01-14 18:09:40.0","2021-05-12 14:44:44.0"
"YS200110","용산2호점 우리동네키움센터","1001","우리동네키움센터","11170","용산구","1003","초등학생","126.95423","37.52685","04374","서울특별시 용산구 이촌로2가길 75","1층 (이촌동)","2020-01-15","","","25","0800","2000","0800","2000","0800","2000","N","","","N","","50000","N","","2500","20","4","82","","2020-01-14 17:50:10.0","2021-05-12 14:44:18.0"
"YS200109","용산4호점 우리동네키움센터","1001","우리동네키움센터","11170","용산구","1003","초등학생","126.96267","37.54227","04312","서울특별시 용산구 효창원로 160","효창그리스도의교회 1층 (청파동3가)","2020-01-15","","","50","1000","1900","0800","1900","0800","1900","N","","","N","","50000","N","","2500","40","8","165","","2020-01-14 16:46:22.0","2021-06-02 08:46:53.0"
"YS200108","용산1호점 우리동네키움센터","1001","우리동네키움센터","11170","용산구","1003","초등학생","126.96463","37.53547","04368","서울특별시 용산구 원효로64길 25","원동교회 3층 (원효로2가)","2020-01-15","","","35","0900","2000","0800","2000","0800","2000","N","","","N","","50000","N","","2500","25","5","117","","2020-01-14 14:15:19.0","2021-05-12 14:44:03.0"
"GR200128","구로3호점 우리동네키움센터(구로2동)","1001","우리동네키움센터","11530","구로구","1003","초등학생","126.88016","37.49734","08281","서울특별시 구로구 벚꽃로 484","2층 (구로동)","2020-01-01","","","33","0800","2000","0800","1800","0900","1800","Y","0900","1300","N","","50000","N","","2500","25","5","117","","2020-01-14 11:20:34.0","2021-05-12 13:34:04.0"
"NW200151","노원15호점 우리동네키움센터(상계동아불암 아이휴센터)","1001","우리동네키움센터","11350","노원구","1003","초등학생","127.07949147940206","37.66653438642761","01647","서울특별시 노원구 덕릉로 780","102동 101호 (상계동 동아불암아파트)","2020-02-12","","","28","0900","2000","0900","2000","0900","1800","N","","","N","","20000","N","","2500","32","6","84.9","","2020-01-09 14:44:13.0","2021-05-12 14:01:09.0"
"NW200150","노원14호점 우리동네키움센터(상계15단지 아이휴센터)","1001","우리동네키움센터","11350","노원구","1003","초등학생","127.05567055175439","37.669770049788106","01617","서울특별시 노원구 동일로227길 26","1510동 107호 108호 (상계동 상계주공15단지아파트)","2020-01-02","","","28","0900","2000","0900","2000","0900","2000","N","","","N","","20000","N","","2500","28","6","93.14","","2020-01-09 13:37:43.0","2021-05-12 14:00:56.0"
"NW200125","노원12호점 우리동네키움센터(은빛1단지아이휴센터)","1001","우리동네키움센터","11350","노원구","1003","초등학생","127.05359","37.68195","01603","서울특별시 노원구 동일로245길 162","109동 108호 (상계동 은빛1단지아파트)","2019-12-20","","","20","0900","2000","0900","2000","0900","2000","N","","","N","","20000","N","","2500","21","4","66","","2020-01-08 15:17:48.0","2021-05-12 14:00:43.0"
"EP200129","은평3호점 우리동네키움센터(응암)","1001","우리동네키움센터","11380","은평구","1003","초등학생","126.92352","37.59183","03477","서울특별시 은평구 백련산로 38","커뮤니티센터 b1 (응암동 백련산 힐스테이트 2차)","2020-02-17","","","40","0900","1900","0900","1900","0900","1800","N","","","N","","50000","N","","2500","20","4","117","","2020-01-07 13:54:43.0","2021-07-09 12:00:38.0"
"NW200124","노원13호점 우리동네키움센터(월계극동아이휴센터)","1001","우리동네키움센터","11350","노원구","1003","초등학생","127.04598","37.62955","01873","서울특별시 노원구 덕릉로60길 266","102동 105호 (월계동 극동아파트)","2019-12-30","","","28","0900","2000","0900","2000","0900","2000","N","","","N","","20000","N","","2500","28","4","95.31","","2020-01-06 10:19:10.0","2021-05-12 14:00:30.0"
"JG191212","중구3호점 우리동네키움센터(중구형 초등돌봄 손기정센터)","1001","우리동네키움센터","11140","중구","1003","초등학생","126.9690536950801","37.55701650081653","04501","서울특별시 중구 손기정로 101","손기정문화센터 1층 (만리동2가)","2019-12-27","","","40","0800","2000","0800","2000","0800","2000","N","","","Y","0","","","0","","34","6","220","","2019-12-30 11:26:17.0","2021-07-26 15:22:36.0"
"JG191211","중구2호점 우리동네키움센터(중구형 초등돌봄 중림센터)","1001","우리동네키움센터","11140","중구","1003","초등학생","126.96625","37.55952","04506","서울특별시 중구 서소문로6길 16","종림종합복지센터 본관1층 별관4층 (중림동)","2019-12-27","","","36","1300","2000","0800","2000","0800","2000","N","","","Y","0","","","0","","36","8","119","","2019-12-30 11:16:33.0","2021-05-03 17:19:03.0"
"EP191202","은평2호점 우리동네키움센터(갈현)","1001","우리동네키움센터","11380","은평구","1003","초등학생","126.91674","37.61748","03332","서울특별시 은평구 연서로25길 22","갈현우리동네키움센터 (갈현동)","2020-02-03","","","20","0900","1900","0900","1900","0900","1900","N","","","N","","50000","N","","2500","20","4","67","","2019-12-17 20:02:06.0","2021-05-12 14:47:41.0"
"SD191202","성동8호점 우리동네키움센터(성동복지관아이꿈누리터)","1001","우리동네키움센터","11200","성동구","1003","초등학생","127.03348","37.57023","04704","서울특별시 성동구 청계천로 506","성동종합사회복지관 5층 (마장동)","2019-12-12","","","23","0900","1900","0900","1800","0900","1800","N","","","N","","50000","N","","2500","20","4","75.79","","2019-12-12 18:52:51.0","2021-07-14 17:20:54.0"
"SD191201","성동7호점 우리동네키움센터(옥수복지관아이꿈누리터)","1001","우리동네키움센터","11200","성동구","1003","초등학생","127.01276","37.54047","04736","서울특별시 성동구 한림말길 16-5","옥수종합사회복지관 3층 (옥수동)","2019-12-12","","","30","0900","1900","0900","1800","0900","1800","N","0900","1800","N","","50000","N","","2500","20","4","80","","2019-12-12 13:37:19.0","2021-05-12 14:23:20.0"
"EP191201","은평1호점 우리동네키움센터(진관)","1001","우리동네키움센터","11380","은평구","1003","초등학생","126.9164203916887","37.63578088248035","03312","서울특별시 은평구 통일로 1045","지하 1층 사회적기업1 (진관동 이룸채)","2020-02-17","","","31","1000","1900","0900","1800","0900","1800","N","","","N","","50000","N","","2500","20","4","102","","2019-12-06 18:12:30.0","2021-05-12 14:47:33.0"
"GN191142","강남2호점 우리동네키움센터(강남 다함께키움센터(역삼))","1001","우리동네키움센터","11680","강남구","1003","초등학생","127.04094","37.49398","06228","서울특별시 강남구 논현로64길 7","3층 (역삼동)","2019-11-25","","","40","1300","1900","0900","1800","0900","1800","N","","","N","","50000","N","","2500","20","4","133","","2019-11-28 15:10:31.0","2021-06-15 11:50:03.0"
"NW191115","노원11호점 우리동네키움센터(산마루아이휴센터)","1001","우리동네키움센터","11350","노원구","1003","초등학생","127.08367","37.65052","01722","서울특별시 노원구 중계로14바길 43","(중계동)","2019-11-20","","","40","0900","2000","0900","2000","0900","2000","N","","","N","","20000","N","","2500","35","7","123.15","","2019-11-27 12:01:43.0","2021-07-27 14:36:28.0"
"JG191102","중구1호점 우리동네키움센터(중구형 초등돌봄 신당센터)","1001","우리동네키움센터","11140","중구","1003","초등학생","127.01352","37.56111","04610","서울특별시 중구 다산로29길 10","3층 중구 1호점 우리동네키움센터 (신당동)","2019-11-25","","","26","0800","2000","0800","2000","0800","2000","N","","","Y","0","","","0","0","28","5","86","","2019-11-26 20:42:46.0","2021-05-03 17:19:20.0"
"NW191113","노원1호점 우리동네키움센터(월계문화아이휴센터)","1001","우리동네키움센터","11350","노원구","1003","초등학생","127.05078","37.62427","01884","서울특별시 노원구 월계로42길 9","2층 다함께돌봄센터 (월계동)","2018-07-25","","","20","0900","2000","0900","2000","0900","2000","N","","","N","","20000","N","","2500","20","4","66","","2019-11-25 13:43:06.0","2021-05-12 13:19:31.0"
"NW191114","노원7호점 우리동네키움센터(하계극동아이휴센터)","1001","우리동네키움센터","11350","노원구","1003","초등학생","127.06468","37.63613","01776","서울특별시 노원구 섬밭로 229","3-111 (하계동 극동건영벽산아파트) (하계동 극동건영벽산아파트)","2019-07-09","","","26","0900","2000","0900","2000","0900","2000","N","","","N","","20000","N","","2500","25","5","83.58","","2019-11-25 13:18:55.0","2021-06-14 15:43:46.0"
"JN191103","종로1호점 우리동네키움센터(청운효자동)","1001","우리동네키움센터","11110","종로구","1003","초등학생","126.96743","37.58353","03035","서울시 종로구 필운대로 86","2층 (신교동)  ","2020-03-25","","","22.42","0900","2000","0900","2000","0900","2000","N","","","N","","50000","N","","2500","20","4","74.84","","2019-11-25 13:18:31.0","2021-07-23 15:58:18.0"
"NW191105","노원2호점 우리동네키움센터(상계10단지아이휴센터)","1001","우리동네키움센터","11350","노원구","1003","초등학생","127.05767","37.66215","01675","서울특별시 노원구 노원로 564","1021동 104호 (상계동 상계주공10단지아파트)","2019-01-01","","","20","0900","2000","0900","2000","0900","2000","N","","","N","","20000","N","","2500","20","4","56.4","","2019-11-25 13:18:31.0","2021-05-27 18:48:10.0"
"NW191106","노원10호점 우리동네키움센터(공릉라이프아이휴센터)","1001","우리동네키움센터","11350","노원구","1003","초등학생","127.06819","37.6271","01854","서울시 노원구 섬밭로 123","관리동 2층 공릉라이프 아이휴센터","2019-10-10","","","23","0900","2000","0900","2000","0900","2000","N","","","N","","20000","N","","2500","23","4","78","","2019-11-25 13:18:31.0","2021-05-12 13:18:22.0"
"NW191107","노원6호점 우리동네키움센터(공릉태강아이휴센터)","1001","우리동네키움센터","11350","노원구","1003","초등학생","127.08272","37.62429","01820","서울시 노원구 공릉로 34길 62 태강아파트 ","1002동 101호","2019-06-20","","","20","0900","2000","0900","2000","0900","2000","N","","","N","","20000","N","","2500","20","4","82.99","","2019-11-25 13:18:31.0","2021-05-12 13:18:29.0"
"NW191109","노원5호점 우리동네키움센터(상계3단지아이휴센터)","1001","우리동네키움센터","11350","노원구","1003","초등학생","127.05596485642638","37.650678151692155","01761","서울특별시 노원구 동일로 215길 48 (상계주공3단지아파트)","326동 112호","2019-05-29","","","23","0900","2000","0900","2000","0900","2000","N","","","N","","20000","N","","2500","23","4","78.87","","2019-11-25 13:18:31.0","2021-05-12 13:18:36.0"
"NW191110","노원3호점 우리동네키움센터(상계5간촌아이휴센터)","1001","우리동네키움센터","11350","노원구","1003","초등학생","127.0663","37.66267","01679","서울특별시 노원구 한글비석로49길 36","1층 (상계동)","2019-01-30","","","27","0900","2000","0900","2000","0900","2000","N","","","N","","20000","N","","2500","28","5","91.8","","2019-11-25 13:18:31.0","2021-06-14 15:32:10.0"
"NW191112","노원8호점 우리동네키움센터(월계그랑빌아이휴센터)","1001","우리동네키움센터","11350","노원구","1003","초등학생","127.06709","37.61874","01913","서울특별시 노원구 마들로 31","115동 104호 (월계동 그랑빌아파트)","2019-07-22","","","24","0900","2000","0900","2000","0900","2000","N","","","N","","20000","N","","2500","24","4","80","","2019-11-25 13:18:31.0","2021-06-23 14:38:21.0"
"NW191108","노원4호점 우리동네키움센터(달빛마실 아이휴센터)","1001","우리동네키움센터","11350","노원구","1003","초등학생","127.05879","37.62128","01891","서울특별시 노원구 광운로13길 9"," (월계동)","2019-04-01","","","20","0900","2000","0900","2000","0900","2000","N","","","N","","20000","N","","2500","20","4","67.65","","2019-11-25 13:18:31.0","2021-06-03 09:44:41.0"
"NW191111","노원9호점 우리동네키움센터(상계7단지아이휴센터)","1001","우리동네키움센터","11350","노원구","1003","초등학생","127.06175630737766","37.66028048649215","01690","서울특별시 노원구 동일로 1456","718동 106호 (상계동 상계주공7단지아파트)","2019-09-30","","","20","0900","2000","0900","2000","0900","2000","N","","","N","","20000","N","","2500","20","4","66","","2019-11-25 13:18:31.0","2021-05-12 13:19:02.0"
"SD191103","성동3호점 우리동네키움센터(마장아이꿈누리터)","1001","우리동네키움센터","11200","성동구","1003","초등학생","127.04306","37.56823","04753","서울특별시 성동구 마장로39길 33","2층","2019-08-30","","","32","0900","1900","0900","1800","0900","1800","N","","","N","","50000","N","","2500","27","5","107.11","","2019-11-22 11:21:00.0","2021-07-07 11:39:02.0"
"SD191105","성동5호점 우리동네키움센터(성수복지관아이꿈누리터)","1001","우리동네키움센터","11200","성동구","1003","초등학생","127.04698","37.54543","04778","서울특별시 성동구 뚝섬로1길 43","성수종합사회복지관 6층 605호","2019-10-01","","","32","0900","1900","0900","1900","0900","1900","N","","","N","","50000","N","","2500","23","5","106","","2019-11-22 11:21:00.0","2021-05-12 13:14:44.0"
"SD191106","성동6호점 우리동네키움센터(성수쌍용아이꿈누리터)","1001","우리동네키움센터","11200","성동구","1003","초등학생","127.04712","37.55013","04788","서울특별시 성동구 상원길63 쌍용아파트","105동 101호","2019-10-07","","","20","0900","1800","0900","1800","0900","1800","N","","","N","","50000","N","","2500","15","3","66","","2019-11-22 11:21:00.0","2021-07-13 13:00:23.0"
"GJ191101","광진1호점 우리동네키움센터","1001","우리동네키움센터","11215","광진구","1003","초등학생","127.07525","37.53289","05092","서울특별시 광진구 자양번영로 35","자양종합사회복지관 4층 (자양동)","2019-09-02","","","23","0900","1900","0900","1900","0900","1900","N","","","N","","50000","N","","2500","20","4","76.15","","2019-11-22 11:21:00.0","2021-05-12 13:32:29.0"
"SD191102","성동2호점 우리동네키움센터(왕십리도선동아이꿈누리터)","1001","우리동네키움센터","11200","성동구","1003","초등학생","127.02553","37.56788","04700","서울특별시 성동구 마장로 141","왕십리도선동주민센터 2층 (상왕십리동)","2019-07-26","","","21","0900","1900","0900","1800","0900","1800","N","","","N","","50000","N","","2500","15","3","60","","2019-11-22 11:21:00.0","2021-05-12 13:18:56.0"
"SD191104","성동4호점 우리동네키움센터(응봉아이꿈누리터)","1001","우리동네키움센터","11200","성동구","1003","초등학생","127.03074","37.55021","04720","서울특별시 성동구 독서당로 381 ","현대종합상가 304호","2019-08-30","","","25","0900","1900","0900","1800","0900","1800","N","","","N","","50000","N","","2500","20","4","81","","2019-11-22 11:21:00.0","2021-06-15 14:17:50.0"
"SD191101","성동1호점 우리동네키움센터(스위첸아이꿈누리터)","1001","우리동네키움센터","11200","성동구","1003","초등학생","127.02685","37.56058","04711","서울특별시 성동구 무학봉길 35 KCC스위첸아파트","103동 205호","2019-03-07","","","33","0900","1900","0900","1800","0900","1900","N","","","N","","50000","N","","2500","20","4","107","","2019-11-22 11:21:00.0","2021-05-12 13:15:48.0"
"DB191105","도봉2호점 우리동네키움센터(도봉1동 별별키움센터)","1001","우리동네키움센터","11320","도봉구","1003","초등학생","127.04289","37.68301","01305","서울시 도봉구 도봉로 175길 10","3층 (무수골 도서관 내 )","2019-10-01","","","20","1300","1900","0900","1900","1000","1900","N","1000","1700","Y","0","","Y","0","","20","4","66","","2019-11-22 11:21:00.0","2021-06-28 15:38:50.0"
"DB191106","도봉1호점 방아골우리동네키움센터","1001","우리동네키움센터","11320","도봉구","1003","초등학생","127.032705740131","37.669292150957204","01314","서울시 도봉구 시루봉로 17길 42","방아골종합사회복지관 2층","2021-04-05","","","24.2","1300","1900","0900","1800","0900","1800","N","1000","1700","Y","0","","Y","0","","20","4","80","","2019-11-22 11:21:00.0","2021-05-12 15:30:29.0"
"MP191101","마포2호점 우리동네키움센터(망원1동)","1001","우리동네키움센터","11440","마포구","1003","초등학생","126.90271","37.55318","04016","서울시 마포구 희우정로 77 ","상가 1층 우리동네키움센터","2019-08-22","","","30","0900","1800","0900","1800","1000","1900","N","1300","1700","N","","50000","N","","2500","25","5","99.1","","2019-11-19 22:04:52.0","2021-06-15 09:54:34.0"
"SM191102","서대문1호점 우리동네키움센터(북가좌 우리동네키움센터 친구랑)","1001","우리동네키움센터","11410","서대문구","1003","초등학생","126.90906","37.57815","03714","서울특별시 서대문구 거북골로 195-1","2층","2019-06-03","","","24","0900","2000","0900","2000","0900","2000","N","0900","1800","N","","50000","N","","2500","20","4","85","","2019-11-19 22:04:52.0","2021-05-12 14:21:19.0"
"SB191101","성북1호점 우리동네키움센터(장위1동)","1001","우리동네키움센터","11290","성북구","1003","초등학생","127.04692","37.61628","02755","서울시 성북구 돌곶이로 37길 32-4","별별재미난교실","2018-06-01","","","29","1300","1900","0900","1900","0900","1900","N","","","N","","50000","N","","2500","29","5","95","","2019-11-19 22:04:52.0","2021-05-12 14:27:55.0"
"JR191101","중랑1호점 신내동우리동네키움센터(중랑아동돌봄센터)","1001","우리동네키움센터","11260","중랑구","1003","초등학생","127.11012","37.61805","02263","서울특별시 중랑구 신내역로1길 145","1층 101호","2020-02-03","","","22","0900","1900","0900","1900","0900","1900","N","","","N","","50000","N","","2500","22","4","73","","2019-11-19 22:04:52.0","2021-05-12 14:56:17.0"
"DM191102","동대문2호점 우리동네키움센터(라온) ","1001","우리동네키움센터","11230","동대문구","1003","초등학생","127.06892","37.57579","02525","서울특별시 동대문구 답십리로63길 73","3층 (장안동)","2019-08-16","","","56","0900","1900","0900","1800","0900","1800","N","","","N","","50000","N","","2500","20","4","186.24","","2019-11-19 22:04:52.0","2021-06-02 17:49:33.0"
"GD191101","강동1호점 우리동네키움센터(상상나루來키움센터)","1001","우리동네키움센터","11740","강동구","1003","초등학생","127.13146","37.5506","05262","서울특별시 강동구 올림픽로98가길 28","2층 암사도시재생앵커시설 상상나루래","2019-10-14","","","26","0900","1800","0900","1800","0900","1800","N","","","N","","40000","","","","20","4","85.64","","2019-11-19 22:04:52.0","2021-07-13 13:05:34.0"
"SP191104","송파1호점 우리동네키움센터(잠실본동 송파키움센터)","1001","우리동네키움센터","11710","송파구","1003","초등학생","127.08007111767261","37.50963899058105","05561","서울특별시 송파구 올림픽로8길 22","801호 (잠실동)","2019-10-01","","","29","0900","1800","0900","1800","0900","1800","N","","","N","","50000","N","","2500","20","4","96","","2019-11-19 22:04:52.0","2021-07-12 16:40:01.0"
"SP191103","송파2호점 우리동네키움센터(송파1동 송파키움센터)","1001","우리동네키움센터","11710","송파구","1003","초등학생","127.10977","37.50597","05666","서울특별시 송파구 백제고분로 42길 5 ","송파여성문화회관 1층 키움센터","2019-12-02","","","22","0900","1900","0900","1800","0900","1800","N","","","N","","50000","N","","2500","20","4","96","","2019-11-19 22:04:52.0","2021-05-12 13:10:34.0"
"SP191102","송파3호점 우리동네키움센터(삼전동 송파키움센터)","1001","우리동네키움센터","11710","송파구","1003","초등학생","127.09498","37.49923","05598","서울특별시 송파구 백제고분로32길 35","삼전종합사회복지관 3층 삼전동 송파키움센터 (삼전동)","2019-12-01","","","25","1000","1900","0900","1800","0900","1800","N","","","N","","50000","N","","2500","20","4","81","","2019-11-19 22:04:52.0","2021-06-01 14:48:27.0"
"SP191101","송파4호점 우리동네키움센터(가락1동 송파키움센터)","1001","우리동네키움센터","11710","송파구","1003","초등학생","127.10987","37.49649","05698","서울특별시 송파구 양재대로 925","2층 (가락동)","2019-12-02","","","23","0900","1900","0900","1900","0900","1900","N","","","N","","50000","N","","2500","20","4","81","","2019-11-19 22:04:52.0","2021-05-12 13:11:01.0"
"GN191101","강남1호점 우리동네키움센터(강남 다함께키움센터(태화))","1001","우리동네키움센터","11680","강남구","1003","초등학생","127.09345","37.48485","06353","서울특별시 강남구 광평로 185","305호 406호 507호","2019-04-01","","","96","0900","1900","0900","1900","0900","1900","N","","","N","","50000","N","","2500","50","3","316.25","","2019-11-19 22:04:52.0","2021-05-12 13:11:52.0"
"SC191101","서초1호점 우리동네키움센터(서초구립 우면동 초등키움센터)","1001","우리동네키움센터","11650","서초구","1003","초등학생","127.01599","37.45687","06767","서울특별시 서초구 양재대로2길 116-19","203호 (우면동)","2019-06-10","","","31","1000","1900","0900","1800","1000","1900","N","","","Y","0","","Y","0","","20","4","102","","2019-11-19 22:04:52.0","2021-05-12 13:12:09.0"
"DJ191101","동작1호점 우리동네키움센터(노량진2동)","1001","우리동네키움센터","11590","동작구","1003","초등학생","126.93719","37.50829","06935","서울특별시 동작구 장승배기로 19길 50","1~2층","2019-06-10","","","59","0900","1900","0900","1900","0900","1900","N","","","N","","50000","N","","2500","30","6","196","","2019-11-19 22:04:52.0","2021-05-12 14:08:58.0"
"GR191102","구로2호점 우리동네키움센터(구로5동)","1001","우리동네키움센터","11530","구로구","1003","초등학생","126.88651","37.50171","08292","서울특별시 구로구 구로중앙로34길 67","구로5동 우리동네키움센터","2019-10-24","","","20","0900","1900","0900","1800","0900","1800","N","","","Y","","","Y","","","20","4","72","","2019-11-19 22:04:52.0","2021-05-12 13:33:48.0"
"GR191101","구로1호점 우리동네키움센터(개봉3동)","1001","우리동네키움센터","11530","구로구","1003","초등학생","126.85253804053762","37.48866397225743","08349","서울특별시 구로구 개봉로11나길 23 ","1층","2019-10-01","","","20","0900","1900","0900","1900","0900","1900","N","","","N","","50000","N","","2500","20","4","80","","2019-11-19 22:04:52.0","2021-05-20 11:07:10.0"
"MP191102","마포1호점 우리동네키움센터(성산2동)","1001","우리동네키움센터","11440","마포구","1003","초등학생","126.90583","37.56845","03940","서울특별시 마포구 월드컵로 36길52","2층 160-7","2019-06-08","","","30","0800","1900","0800","1900","0800","1900","N","0900","1800","N","","50000","N","","2500","25","5","102","","2019-11-19 22:04:52.0","2021-07-08 15:51:23.0"
"YC191101","양천1호점 우리동네키움센터","1001","우리동네키움센터","11470","양천구","1003","초등학생","126.84520128801716","37.51123848470527","08054","서울특별시 양천구 신정로11길 20","동일하이빌1단지아파트 관리동 ","2019-09-01","","","42.7","0900","1900","0900","1800","0900","1800","N","","","N","","50000","N","","2500","25","0","141","","2019-11-19 22:04:52.0","2021-06-21 12:18:49.0"
"YF191101","영등포1호점 우리동네키움센터(영등포본동 아이랜드)","1001","우리동네키움센터","11560","영등포구","1003","초등학생","126.91381","37.5135","07311","서울특별시 영등포구 신길로60길 31-2","2층 (신길동)","2019-08-21","","","20","1100","2000","0800","1900","1100","2000","N","","","Y","","","","","","20","4","66.91","","2019-11-19 22:04:52.0","2021-06-11 11:57:18.0"
"DM191101","동대문1호점 우리동네키움센터(희망) ","1001","우리동네키움센터","11230","동대문구","1003","초등학생","127.03033","37.57611","02583","서울특별시 동대문구 무학로 133","1-2층 (용두동) (용두동)","2019-07-01","","","71","0900","1900","0900","1800","1000","1900","N","","","N","","50000","N","","2500","30","6","228","","2019-11-19 22:03:55.0","2021-06-15 12:17:43.0"